"ID_3","name","ID_1","displays","clicks","displays_bots","clicks_bots","srdisplays","hrdisplays","bsdisplays","srclicks","hrclicks","bsclicks","population","majority","bosniaks","croats","serbs","other","turnout","bosniaks.prop","croats.prop","serbs.prop","other.prop","srclicks.share","hrclicks.share","bsclicks.share","majorityshare","majorityclickshare"
39,"Novi Grad Sarajevo",2,46102,276,5,1,15361,15263,15478,83,102,91,118553,"bs",99773,4947,4367,9466,0.477221,0.84159,0.04173,0.03684,0.07985,0.30072,0.36957,0.32971,0.84159,0.32971
35,"Centar Sarajevo",2,25472,129,38003,281,8553,8428,8490,42,45,42,55181,"bs",41702,3333,2186,7960,0.551385,0.75573,0.0604,0.03962,0.14425,0.32558,0.34884,0.32558,0.75573,0.32558
41,"Stari Grad Sarajevo",2,18886,89,1,0,6279,6266,6341,25,34,30,36976,"bs",32794,685,467,3030,0.538025,0.8869,0.01853,0.01263,0.08195,0.2809,0.38202,0.33708,0.8869,0.33708
40,"Novo Sarajevo",2,65944,473,50169,305,21957,21975,22011,158,156,159,64814,"bs",48188,4639,3402,8585,0.528188,0.74348,0.07157,0.05249,0.13246,0.33404,0.32981,0.33615,0.74348,0.33615
120,"Istočno Novo Sarajevo",3,11202,120,0,0,3597,3840,3765,36,41,43,10642,"sr",44,107,10248,243,0.582879,0.00413,0.01005,0.96298,0.02283,0.3,0.34167,0.35833,0.96298,0.3
